{"literal": {"precision": 0.9259259259259259, "recall": 1.0, "f1": 0.9615384615384616}, "non-literal": {"precision": 0.9259259259259259, "recall": 1.0, "f1": 0.9615384615384616}, "overall": {"precision": 0.9615384615384616, "recall": 1.0, "f1": 0.9803921568627451}}