{"literal": {"accuracy": 0.98, "precision": 1.0, "recall": 0.98, "f1": 0.98989898989899}, "non-literal": {"accuracy": 0.16, "precision": 1.0, "recall": 0.16, "f1": 0.27586206896551724}, "overall": {"accuracy": 0.57, "precision": 1.0, "recall": 0.57, "f1": 0.7261146496815286}}