{"literal": {"precision": 1.0, "recall": 0.92, "f1": 0.9583333333333334}, "non-literal": {"precision": 1.0, "recall": 0.06, "f1": 0.11320754716981132}, "overall": {"precision": 1.0, "recall": 0.49, "f1": 0.6577181208053692}}