{"literal": {"precision": 0.9666666666666667, "recall": 0.58, "f1": 0.725}, "non-literal": {"precision": 0.8333333333333334, "recall": 0.1, "f1": 0.17857142857142858}, "overall": {"precision": 0.9714285714285714, "recall": 0.34, "f1": 0.5037037037037037}}