{"literal": {"precision": 1.0, "recall": 0.32, "f1": 0.48484848484848486}, "non-literal": {"precision": 1.0, "recall": 0.02, "f1": 0.0392156862745098}, "overall": {"precision": 1.0, "recall": 0.17, "f1": 0.2905982905982906}}