{"literal": {"precision": 1.0, "recall": 0.88, "f1": 0.9361702127659575}, "non-literal": {"precision": 1.0, "recall": 0.36, "f1": 0.5294117647058824}, "overall": {"precision": 1.0, "recall": 0.62, "f1": 0.7654320987654321}}