{"literal": {"precision": 1.0, "recall": 0.76, "f1": 0.8636363636363636}, "non-literal": {"precision": 1.0, "recall": 0.06, "f1": 0.11320754716981132}, "overall": {"precision": 1.0, "recall": 0.41, "f1": 0.5815602836879432}}