{"literal": {"precision": 1.0, "recall": 0.82, "f1": 0.9010989010989011}, "non-literal": {"precision": 1.0, "recall": 0.36, "f1": 0.5294117647058824}, "overall": {"precision": 1.0, "recall": 0.59, "f1": 0.7421383647798742}}