{"literal": {"precision": 1.0, "recall": 0.58, "f1": 0.7341772151898734}, "non-literal": {"precision": 1.0, "recall": 0.18, "f1": 0.3050847457627119}, "overall": {"precision": 1.0, "recall": 0.38, "f1": 0.5507246376811594}}